,Daytime_Routes,Complex_ID,Complex_ID_Next,GTFS_Latitude_Next,GTFS_Longitude_Next,GTFS_Latitude,GTFS_Longitude,Stop_Name,Stop_Name_Next
0,N W,2,1,40.775036,-73.912034,40.770258,-73.917843,Astoria Blvd,Astoria-Ditmars Blvd
1,N W,3,2,40.770258,-73.917843,40.766779,-73.921479,30 Av,Astoria Blvd
2,N W,4,3,40.766779,-73.921479,40.76182,-73.925508,Broadway,30 Av
3,N W,5,4,40.76182,-73.925508,40.756804,-73.929575,36 Av,Broadway
4,N W,6,5,40.756804,-73.929575,40.752882,-73.932755,39 Av-Dutch Kills,36 Av
5,N R W,613,6,40.752882,-73.932755,40.76266,-73.967258,Lexington Av/59 St,39 Av-Dutch Kills
6,N R W,8,613,40.76266,-73.967258,40.764811,-73.973347,5 Av/59 St,Lexington Av/59 St
7,N Q R W,9,8,40.764811,-73.973347,40.764664,-73.980658,57 St-7 Av,5 Av/59 St
8,N R W,10,9,40.764664,-73.980658,40.759901,-73.984139,49 St,57 St-7 Av
9,N Q R W,611,10,40.759901,-73.984139,40.754672,-73.986754,Times Sq-42 St,49 St
10,N Q R W,607,611,40.754672,-73.986754,40.749567,-73.98795,34 St-Herald Sq,Times Sq-42 St
11,R W,13,607,40.749567,-73.98795,40.745494,-73.988691,28 St,34 St-Herald Sq
12,R W,14,13,40.745494,-73.988691,40.741303,-73.989344,23 St,28 St
13,N Q R W,602,14,40.741303,-73.989344,40.735736,-73.990568,14 St-Union Sq,23 St
14,R W,16,602,40.735736,-73.990568,40.730328,-73.992629,8 St-NYU,14 St-Union Sq
15,R W,17,16,40.730328,-73.992629,40.724329,-73.997702,Prince St,8 St-NYU
16,R W,623,17,40.724329,-73.997702,40.719527,-74.001775,Canal St,Prince St
17,R W,20,623,40.718383,-74.00046,40.713282,-74.006978,City Hall,Canal St
18,R W,624,20,40.713282,-74.006978,40.710668,-74.011029,Cortlandt St,City Hall
19,R W,22,624,40.710668,-74.011029,40.70722,-74.013342,Rector St,Cortlandt St
20,R W,635,22,40.70722,-74.013342,40.703087,-74.012994,Whitehall St-South Ferry,Rector St
21,R,620,635,40.703087,-74.012994,40.6941,-73.991777,Court St,Whitehall St-South Ferry
22,R,636,620,40.6941,-73.991777,40.69218,-73.985942,Jay St-MetroTech,Court St
23,B Q R,26,636,40.69218,-73.985942,40.690635,-73.981824,DeKalb Av,Jay St-MetroTech
24,D N R,617,26,40.690635,-73.981824,40.683666,-73.97881,Atlantic Av-Barclays Ctr,DeKalb Av
25,R,28,617,40.683666,-73.97881,40.677316,-73.98311,Union St,Atlantic Av-Barclays Ctr
26,R,608,28,40.677316,-73.98311,40.670847,-73.988302,4 Av-9 St,Union St
27,R,30,608,40.670847,-73.988302,40.665414,-73.992872,Prospect Av,4 Av-9 St
28,R,31,30,40.665414,-73.992872,40.660397,-73.998091,25 St,Prospect Av
29,D N R,32,31,40.660397,-73.998091,40.655144,-74.003549,36 St,25 St
30,R,33,32,40.655144,-74.003549,40.648939,-74.010006,45 St,36 St
31,R,34,33,40.648939,-74.010006,40.645069,-74.014034,53 St,45 St
32,N R,35,34,40.645069,-74.014034,40.641362,-74.017881,59 St,53 St
33,R,36,35,40.641362,-74.017881,40.634967,-74.023377,Bay Ridge Av,59 St
34,R,37,36,40.634967,-74.023377,40.629742,-74.02551,77 St,Bay Ridge Av
35,R,38,37,40.629742,-74.02551,40.622687,-74.028398,86 St,77 St
36,R,39,38,40.622687,-74.028398,40.616622,-74.030876,Bay Ridge-95 St,86 St
37,B Q,41,617,40.68446,-73.97689,40.67705,-73.972367,7 Av,Atlantic Av-Barclays Ctr
38,B Q S,42,41,40.67705,-73.972367,40.661614,-73.962246,Prospect Park,7 Av
39,Q,43,42,40.661614,-73.962246,40.655292,-73.961495,Parkside Av,Prospect Park
40,B Q,44,43,40.655292,-73.961495,40.650527,-73.962982,Church Av,Parkside Av
41,Q,45,44,40.650527,-73.962982,40.644031,-73.964492,Beverley Rd,Church Av
42,Q,46,45,40.644031,-73.964492,40.640927,-73.963891,Cortelyou Rd,Beverley Rd
43,B Q,47,46,40.640927,-73.963891,40.635082,-73.962793,Newkirk Plaza,Cortelyou Rd
44,Q,48,47,40.635082,-73.962793,40.62927,-73.961639,Avenue H,Newkirk Plaza
45,Q,49,48,40.62927,-73.961639,40.625039,-73.960803,Avenue J,Avenue H
46,Q,50,49,40.625039,-73.960803,40.617618,-73.959399,Avenue M,Avenue J
47,B Q,51,50,40.617618,-73.959399,40.60867,-73.957734,Kings Hwy,Avenue M
48,Q,52,51,40.60867,-73.957734,40.5993,-73.955929,Avenue U,Kings Hwy
49,Q,53,52,40.5993,-73.955929,40.595246,-73.955161,Neck Rd,Avenue U
50,B Q,54,53,40.595246,-73.955161,40.586896,-73.954155,Sheepshead Bay,Neck Rd
51,B Q,55,54,40.586896,-73.954155,40.577621,-73.961376,Brighton Beach,Sheepshead Bay
52,Q,56,55,40.577621,-73.961376,40.576312,-73.968501,Ocean Pkwy,Brighton Beach
53,F Q,57,56,40.576312,-73.968501,40.576127,-73.975939,W 8 St-NY Aquarium,Ocean Pkwy
54,D F N Q,58,57,40.576127,-73.975939,40.577422,-73.981233,Coney Island-Stillwell Av,W 8 St-NY Aquarium
55,D,60,59,40.646292,-73.994324,40.640914,-73.994304,Fort Hamilton Pkwy,9 Av
56,D,61,60,40.640914,-73.994304,40.63626,-73.994791,50 St,Fort Hamilton Pkwy
57,D,62,61,40.63626,-73.994791,40.631435,-73.995476,55 St,50 St
58,D,615,62,40.631435,-73.995476,40.626472,-73.996895,62 St,55 St
59,D,64,615,40.626472,-73.996895,40.619589,-73.998864,71 St,62 St
60,D,65,64,40.619589,-73.998864,40.613501,-74.00061,79 St,71 St
61,D,66,65,40.613501,-74.00061,40.607954,-74.001736,18 Av,79 St
62,D,67,66,40.607954,-74.001736,40.604556,-73.998168,20 Av,18 Av
63,D,68,67,40.604556,-73.998168,40.601875,-73.993728,Bay Pkwy,20 Av
64,D,69,68,40.601875,-73.993728,40.597704,-73.986829,25 Av,Bay Pkwy
65,D,70,69,40.597704,-73.986829,40.588841,-73.983765,Bay 50 St,25 Av
66,N,72,71,40.635064,-74.011719,40.631386,-74.005351,Fort Hamilton Pkwy,8 Av
67,N,615,72,40.631386,-74.005351,40.624842,-73.996353,New Utrecht Av,Fort Hamilton Pkwy
68,N,74,615,40.624842,-73.996353,40.620671,-73.990414,18 Av,New Utrecht Av
69,N,75,74,40.620671,-73.990414,40.61741,-73.985026,20 Av,18 Av
70,N,76,75,40.61741,-73.985026,40.611815,-73.981848,Bay Pkwy,20 Av
71,N,77,76,40.611815,-73.981848,40.603923,-73.980353,Kings Hwy,Bay Pkwy
72,N,78,77,40.603923,-73.980353,40.597473,-73.979137,Avenue U,Kings Hwy
73,N,79,78,40.597473,-73.979137,40.592721,-73.97823,86 St,Avenue U
74,J,81,80,40.700492,-73.828294,40.697418,-73.836345,111 St,121 St
75,J Z,82,81,40.697418,-73.836345,40.695178,-73.84433,104 St,111 St
76,J Z,83,82,40.695178,-73.84433,40.693879,-73.851576,Woodhaven Blvd,104 St
77,J,84,83,40.693879,-73.851576,40.692435,-73.86001,85 St-Forest Pkwy,Woodhaven Blvd
78,J Z,85,84,40.692435,-73.86001,40.691324,-73.867139,75 St-Elderts Ln,85 St-Forest Pkwy
79,J,86,85,40.691324,-73.867139,40.689941,-73.87255,Cypress Hills,75 St-Elderts Ln
80,J Z,87,86,40.689941,-73.87255,40.683194,-73.873785,Crescent St,Cypress Hills
81,J Z,88,87,40.683194,-73.873785,40.68141,-73.880039,Norwood Av,Crescent St
82,J,89,88,40.68141,-73.880039,40.679947,-73.884639,Cleveland St,Norwood Av
83,J Z,90,89,40.679947,-73.884639,40.678024,-73.891688,Van Siclen Av,Cleveland St
84,J,91,90,40.678024,-73.891688,40.676992,-73.898654,Alabama Av,Van Siclen Av
85,J Z,621,91,40.676992,-73.898654,40.679498,-73.904512,Broadway Junction,Alabama Av
86,J Z,93,621,40.679498,-73.904512,40.682893,-73.910456,Chauncey St,Broadway Junction
87,J,94,93,40.682893,-73.910456,40.68637,-73.916559,Halsey St,Chauncey St
88,J Z,95,94,40.68637,-73.916559,40.68963,-73.92227,Gates Av,Halsey St
89,J,96,95,40.68963,-73.92227,40.693342,-73.928814,Kosciuszko St,Gates Av
90,J M Z,97,96,40.693342,-73.928814,40.697207,-73.935657,Myrtle Av,Kosciuszko St
91,J M,98,97,40.697207,-73.935657,40.70026,-73.941126,Flushing Av,Myrtle Av
92,J M,99,98,40.70026,-73.941126,40.703869,-73.947408,Lorimer St,Flushing Av
93,J M,100,99,40.703869,-73.947408,40.70687,-73.953431,Hewes St,Lorimer St
94,J M Z,101,100,40.70687,-73.953431,40.708359,-73.957757,Marcy Av,Hewes St
95,J M Z,625,101,40.708359,-73.957757,40.718315,-73.987437,Delancey St-Essex St,Marcy Av
96,J Z,103,625,40.718315,-73.987437,40.72028,-73.993915,Bowery,Delancey St-Essex St
97,J Z,623,103,40.72028,-73.993915,40.718092,-73.999892,Canal St,Bowery
98,J Z,622,623,40.718092,-73.999892,40.713243,-74.003401,Chambers St,Canal St
99,J Z,628,622,40.713243,-74.003401,40.710374,-74.007582,Fulton St,Chambers St
100,J Z,107,628,40.710374,-74.007582,40.706476,-74.011056,Broad St,Fulton St
101,M,109,108,40.711396,-73.889601,40.706186,-73.895877,Fresh Pond Rd,Middle Village-Metropolitan Av
102,M,110,109,40.706186,-73.895877,40.704423,-73.903077,Forest Av,Fresh Pond Rd
103,M,111,110,40.704423,-73.903077,40.702762,-73.90774,Seneca Av,Forest Av
104,M,630,111,40.702762,-73.90774,40.69943,-73.912385,Myrtle-Wyckoff Avs,Seneca Av
105,M,113,630,40.69943,-73.912385,40.698664,-73.919711,Knickerbocker Av,Myrtle-Wyckoff Avs
106,M,114,113,40.698664,-73.919711,40.697857,-73.927397,Central Av,Knickerbocker Av
107,L,601,618,40.739777,-74.002578,40.737335,-73.996786,6 Av,8 Av
108,L,602,601,40.737335,-73.996786,40.734789,-73.99073,14 St-Union Sq,6 Av
109,L,118,602,40.734789,-73.99073,40.732849,-73.986122,3 Av,14 St-Union Sq
110,L,119,118,40.732849,-73.986122,40.730953,-73.981628,1 Av,3 Av
111,L,120,119,40.730953,-73.981628,40.717304,-73.956872,Bedford Av,1 Av
112,L,629,120,40.717304,-73.956872,40.714063,-73.950275,Lorimer St,Bedford Av
113,L,122,629,40.714063,-73.950275,40.714565,-73.944053,Graham Av,Lorimer St
114,L,123,122,40.714565,-73.944053,40.711926,-73.94067,Grand St,Graham Av
115,L,124,123,40.711926,-73.94067,40.707739,-73.93985,Montrose Av,Grand St
116,L,125,124,40.707739,-73.93985,40.706152,-73.933147,Morgan Av,Montrose Av
117,L,126,125,40.706152,-73.933147,40.706607,-73.922913,Jefferson St,Morgan Av
118,L,127,126,40.706607,-73.922913,40.703811,-73.918425,DeKalb Av,Jefferson St
119,L,630,127,40.703811,-73.918425,40.699814,-73.911586,Myrtle-Wyckoff Avs,DeKalb Av
120,L,129,630,40.699814,-73.911586,40.695602,-73.904084,Halsey St,Myrtle-Wyckoff Avs
121,L,130,129,40.695602,-73.904084,40.688764,-73.904046,Wilson Av,Halsey St
122,L,131,130,40.688764,-73.904046,40.682829,-73.905249,Bushwick Av-Aberdeen St,Wilson Av
123,L,621,131,40.682829,-73.905249,40.678856,-73.90324,Broadway Junction,Bushwick Av-Aberdeen St
124,L,133,621,40.678856,-73.90324,40.675345,-73.903097,Atlantic Av,Broadway Junction
125,L,134,133,40.675345,-73.903097,40.669367,-73.901975,Sutter Av,Atlantic Av
126,L,135,134,40.669367,-73.901975,40.664038,-73.900571,Livonia Av,Sutter Av
127,L,136,135,40.664038,-73.900571,40.658733,-73.899232,New Lots Av,Livonia Av
128,L,137,136,40.658733,-73.899232,40.650573,-73.899485,East 105 St,New Lots Av
129,L,138,137,40.650573,-73.899485,40.646654,-73.90185,Canarsie-Rockaway Pkwy,East 105 St
130,S,141,627,40.680596,-73.955827,40.674772,-73.957624,Park Pl,Franklin Av
131,S,626,141,40.674772,-73.957624,40.670343,-73.959245,Botanic Garden,Park Pl
132,A,144,143,40.868072,-73.919899,40.865491,-73.927271,Dyckman St,Inwood-207 St
133,A,145,144,40.865491,-73.927271,40.859022,-73.93418,190 St,Dyckman St
134,A,146,145,40.859022,-73.93418,40.851695,-73.937969,181 St,190 St
135,A,147,146,40.851695,-73.937969,40.847391,-73.939704,175 St,181 St
136,A C,605,147,40.847391,-73.939704,40.840719,-73.939561,168 St,175 St
137,C,149,605,40.840719,-73.939561,40.836013,-73.939892,163 St-Amsterdam Av,168 St
138,C,150,149,40.836013,-73.939892,40.830518,-73.941514,155 St,163 St-Amsterdam Av
139,A C,151,150,40.830518,-73.941514,40.824783,-73.944216,145 St,155 St
140,B C,152,151,40.824783,-73.944216,40.817894,-73.947649,135 St,145 St
141,A B C D,153,152,40.817894,-73.947649,40.811109,-73.952343,125 St,135 St
142,B C,154,153,40.811109,-73.952343,40.805085,-73.954882,116 St,125 St
143,B C,155,154,40.805085,-73.954882,40.800603,-73.958161,Cathedral Pkwy (110 St),116 St
144,B C,156,155,40.800603,-73.958161,40.796092,-73.961454,103 St,Cathedral Pkwy (110 St)
145,B C,157,156,40.796092,-73.961454,40.791642,-73.964696,96 St,103 St
146,B C,158,157,40.791642,-73.964696,40.785868,-73.968916,86 St,96 St
147,B C,159,158,40.785868,-73.968916,40.781433,-73.972143,81 St-Museum of Natural History,86 St
148,B C,160,159,40.781433,-73.972143,40.775594,-73.97641,72 St,81 St-Museum of Natural History
149,A B C D,614,160,40.775594,-73.97641,40.768296,-73.981736,59 St-Columbus Circle,72 St
150,C E,162,614,40.768296,-73.981736,40.762456,-73.985984,50 St,59 St-Columbus Circle
151,A C E,611,162,40.762456,-73.985984,40.757308,-73.989735,42 St-Port Authority Bus Terminal,50 St
152,A C E,164,611,40.757308,-73.989735,40.752287,-73.993391,34 St-Penn Station,42 St-Port Authority Bus Terminal
153,C E,165,164,40.752287,-73.993391,40.745906,-73.998041,23 St,34 St-Penn Station
154,A C E,618,165,40.745906,-73.998041,40.740893,-74.00169,14 St,23 St
155,A C E,167,618,40.740893,-74.00169,40.732338,-74.000495,W 4 St-Wash Sq,14 St
156,B D F M,167,167,40.732338,-74.000495,40.732338,-74.000495,W 4 St-Wash Sq,W 4 St-Wash Sq
157,C E,168,167,40.732338,-74.000495,40.726227,-74.003739,Spring St,W 4 St-Wash Sq
158,A C E,169,168,40.726227,-74.003739,40.720824,-74.005229,Canal St,Spring St
159,A C,624,169,40.720824,-74.005229,40.714111,-74.008585,Chambers St,Canal St
160,E,624,169,40.720824,-74.005229,40.712582,-74.009781,World Trade Center,Canal St
161,A C,628,624,40.714111,-74.008585,40.710197,-74.007691,Fulton St,Chambers St
162,A C,173,628,40.710197,-74.007691,40.699337,-73.990531,High St,Fulton St
163,A C F,636,173,40.699337,-73.990531,40.692338,-73.987342,Jay St-MetroTech,High St
164,A C G,175,636,40.692338,-73.987342,40.688484,-73.985001,Hoyt-Schermerhorn Sts,Jay St-MetroTech
165,C,176,175,40.688484,-73.985001,40.686113,-73.973946,Lafayette Av,Hoyt-Schermerhorn Sts
166,C,177,176,40.686113,-73.973946,40.683263,-73.965838,Clinton-Washington Avs,Lafayette Av
167,C,627,177,40.683263,-73.965838,40.68138,-73.956848,Franklin Av,Clinton-Washington Avs
168,A C,179,627,40.68138,-73.956848,40.680438,-73.950426,Nostrand Av,Franklin Av
169,C,180,179,40.680438,-73.950426,40.679921,-73.940858,Kingston-Throop Avs,Nostrand Av
170,A C,181,180,40.679921,-73.940858,40.679364,-73.930729,Utica Av,Kingston-Throop Avs
171,C,182,181,40.679364,-73.930729,40.678822,-73.920786,Ralph Av,Utica Av
172,C,183,182,40.678822,-73.920786,40.67834,-73.911946,Rockaway Av,Ralph Av
173,A C,621,183,40.67834,-73.911946,40.678334,-73.905316,Broadway Junction,Rockaway Av
174,C,185,621,40.678334,-73.905316,40.674542,-73.896548,Liberty Av,Broadway Junction
175,C,186,185,40.674542,-73.896548,40.67271,-73.890358,Van Siclen Av,Liberty Av
176,C,187,186,40.67271,-73.890358,40.67413,-73.88075,Shepherd Av,Van Siclen Av
177,A C,188,187,40.67413,-73.88075,40.675377,-73.872106,Euclid Av,Shepherd Av
178,A,189,188,40.675377,-73.872106,40.677044,-73.86505,Grant Av,Euclid Av
179,A,190,189,40.677044,-73.86505,40.679371,-73.858992,80 St,Grant Av
180,A,191,190,40.679371,-73.858992,40.679843,-73.85147,88 St,80 St
181,A,192,191,40.679843,-73.85147,40.680429,-73.843853,Rockaway Blvd,88 St
182,A,193,192,40.680429,-73.843853,40.681711,-73.837683,104 St,Rockaway Blvd
183,A,194,193,40.681711,-73.837683,40.684331,-73.832163,111 St,104 St
184,A,195,194,40.684331,-73.832163,40.685951,-73.825798,Ozone Park-Lefferts Blvd,111 St
185,A,196,195,40.685951,-73.825798,40.668234,-73.834058,Aqueduct Racetrack,Ozone Park-Lefferts Blvd
186,A,197,196,40.668234,-73.834058,40.668234,-73.834058,Aqueduct-N Conduit Av,Aqueduct Racetrack
187,A,198,197,40.668234,-73.834058,40.660476,-73.830301,Howard Beach-JFK Airport,Aqueduct-N Conduit Av
188,A S,199,198,40.660476,-73.830301,40.608382,-73.815925,Broad Channel,Howard Beach-JFK Airport
189,A S,200,199,40.608382,-73.815925,40.588034,-73.813641,Beach 90 St,Broad Channel
190,A S,201,200,40.588034,-73.813641,40.585307,-73.820558,Beach 98 St,Beach 90 St
191,A S,202,201,40.585307,-73.820558,40.583209,-73.827559,Beach 105 St,Beach 98 St
192,A S,203,202,40.583209,-73.827559,40.580903,-73.835592,Rockaway Park-Beach 116 St,Beach 105 St
193,A,204,203,40.580903,-73.835592,40.590927,-73.796924,Beach 67 St,Rockaway Park-Beach 116 St
194,A,205,204,40.590927,-73.796924,40.592374,-73.788522,Beach 60 St,Beach 67 St
195,A,206,205,40.592374,-73.788522,40.592943,-73.776013,Beach 44 St,Beach 60 St
196,A,207,206,40.592943,-73.776013,40.595398,-73.768175,Beach 36 St,Beach 44 St
197,A,208,207,40.595398,-73.768175,40.600066,-73.761353,Beach 25 St,Beach 36 St
198,A,209,208,40.600066,-73.761353,40.603995,-73.755405,Far Rockaway-Mott Av,Beach 25 St
199,B D,211,210,40.874811,-73.878855,40.873244,-73.887138,Bedford Park Blvd,Norwood-205 St
200,B D,212,211,40.873244,-73.887138,40.866978,-73.893509,Kingsbridge Rd,Bedford Park Blvd
201,B D,213,212,40.866978,-73.893509,40.861296,-73.897749,Fordham Rd,Kingsbridge Rd
202,B D,214,213,40.861296,-73.897749,40.856093,-73.900741,182-183 Sts,Fordham Rd
203,B D,215,214,40.856093,-73.900741,40.85041,-73.905227,Tremont Av,182-183 Sts
204,B D,216,215,40.85041,-73.905227,40.8459,-73.910136,174-175 Sts,Tremont Av
205,B D,217,216,40.8459,-73.910136,40.839306,-73.9134,170 St,174-175 Sts
206,B D,218,217,40.839306,-73.9134,40.833771,-73.91844,167 St,170 St
207,B D,604,218,40.833771,-73.91844,40.827905,-73.925651,161 St-Yankee Stadium,167 St
208,B D,220,604,40.827905,-73.925651,40.830135,-73.938209,155 St,161 St-Yankee Stadium
209,F,222,221,40.754203,-73.942836,40.759145,-73.95326,Roosevelt Island,21 St-Queensbridge
210,F Q,223,222,40.759145,-73.95326,40.764629,-73.966113,Lexington Av/63 St,Roosevelt Island
211,F,224,223,40.764629,-73.966113,40.763972,-73.97745,57 St,Lexington Av/63 St
212,B D F M,225,224,40.763972,-73.97745,40.758663,-73.981329,47-50 Sts-Rockefeller Ctr,57 St
213,B D F M,609,225,40.758663,-73.981329,40.754222,-73.984569,42 St-Bryant Pk,47-50 Sts-Rockefeller Ctr
214,B D F M,607,609,40.754222,-73.984569,40.749719,-73.987823,34 St-Herald Sq,42 St-Bryant Pk
215,F M,228,607,40.749719,-73.987823,40.742878,-73.992821,23 St,34 St-Herald Sq
216,F M,601,228,40.742878,-73.992821,40.738228,-73.996209,14 St,23 St
217,B D F M,619,601,40.738228,-73.996209,40.725297,-73.996204,Broadway-Lafayette St,14 St
218,B D,231,619,40.725297,-73.996204,40.718267,-73.993753,Grand St,Broadway-Lafayette St
219,F,232,231,40.718267,-73.993753,40.723402,-73.989938,2 Av,Grand St
220,F,625,232,40.723402,-73.989938,40.718611,-73.988114,Delancey St-Essex St,2 Av
221,F,234,625,40.718611,-73.988114,40.713715,-73.990173,East Broadway,Delancey St-Essex St
222,F,235,234,40.713715,-73.990173,40.701397,-73.986751,York St,East Broadway
223,F G,236,235,40.701397,-73.986751,40.686145,-73.990862,Bergen St,York St
224,F G,237,236,40.686145,-73.990862,40.680303,-73.995048,Carroll St,Bergen St
225,F G,238,237,40.680303,-73.995048,40.67358,-73.995959,Smith-9 Sts,Carroll St
226,F G,608,238,40.67358,-73.995959,40.670272,-73.989779,4 Av-9 St,Smith-9 Sts
227,F G,240,608,40.670272,-73.989779,40.666271,-73.980305,7 Av,4 Av-9 St
228,F G,241,240,40.666271,-73.980305,40.660365,-73.979493,15 St-Prospect Park,7 Av
229,F G,242,241,40.660365,-73.979493,40.650782,-73.975776,Fort Hamilton Pkwy,15 St-Prospect Park
230,F G,243,242,40.650782,-73.975776,40.644041,-73.979678,Church Av,Fort Hamilton Pkwy
231,F,244,243,40.644041,-73.979678,40.636119,-73.978172,Ditmas Av,Church Av
232,F,245,244,40.636119,-73.978172,40.629755,-73.976971,18 Av,Ditmas Av
233,F,246,245,40.629755,-73.976971,40.625322,-73.976127,Avenue I,18 Av
234,F,247,246,40.625322,-73.976127,40.620769,-73.975264,Bay Pkwy,Avenue I
235,F,248,247,40.620769,-73.975264,40.61514,-73.974197,Avenue N,Bay Pkwy
236,F,249,248,40.61514,-73.974197,40.608944,-73.973022,Avenue P,Avenue N
237,F,250,249,40.608944,-73.973022,40.603217,-73.972361,Kings Hwy,Avenue P
238,F,251,250,40.603217,-73.972361,40.596063,-73.973357,Avenue U,Kings Hwy
239,F,252,251,40.596063,-73.973357,40.58962,-73.97425,Avenue X,Avenue U
240,F,253,252,40.58962,-73.97425,40.581011,-73.974574,Neptune Av,Avenue X
242,F,255,254,40.712646,-73.783817,40.71047,-73.793604,169 St,Jamaica-179 St
243,F,256,255,40.71047,-73.793604,40.707564,-73.803326,Parsons Blvd,169 St
244,F,257,256,40.707564,-73.803326,40.70546,-73.810708,Sutphin Blvd,Parsons Blvd
245,E F,258,257,40.70546,-73.810708,40.709179,-73.820574,Briarwood,Sutphin Blvd
246,E F,259,258,40.709179,-73.820574,40.714441,-73.831008,Kew Gardens-Union Tpke,Briarwood
247,E F,260,259,40.714441,-73.831008,40.718331,-73.837324,75 Av,Kew Gardens-Union Tpke
248,E F M R,261,260,40.718331,-73.837324,40.721691,-73.844521,Forest Hills-71 Av,75 Av
249,M R,262,261,40.721691,-73.844521,40.726523,-73.852719,67 Av,Forest Hills-71 Av
250,M R,263,262,40.726523,-73.852719,40.729846,-73.861604,63 Dr-Rego Park,67 Av
251,M R,264,263,40.729846,-73.861604,40.733106,-73.869229,Woodhaven Blvd,63 Dr-Rego Park
252,M R,265,264,40.733106,-73.869229,40.737015,-73.877223,Grand Av-Newtown,Woodhaven Blvd
253,M R,266,265,40.737015,-73.877223,40.742454,-73.882017,Elmhurst Av,Grand Av-Newtown
254,E F M R,616,266,40.742454,-73.882017,40.746644,-73.891338,Jackson Hts-Roosevelt Av,Elmhurst Av
255,M R,268,616,40.746644,-73.891338,40.749669,-73.898453,65 St,Jackson Hts-Roosevelt Av
256,M R,269,268,40.749669,-73.898453,40.752885,-73.906006,Northern Blvd,65 St
257,M R,270,269,40.752885,-73.906006,40.756312,-73.913333,46 St,Northern Blvd
258,M R,271,270,40.756312,-73.913333,40.756879,-73.92074,Steinway St,46 St
259,M R,272,271,40.756879,-73.92074,40.752039,-73.928781,36 St,Steinway St
260,E M R,273,272,40.752039,-73.928781,40.748973,-73.937243,Queens Plaza,36 St
261,E M,606,273,40.748973,-73.937243,40.747846,-73.946,Court Sq-23 St,Queens Plaza
262,E M,612,606,40.747846,-73.946,40.757552,-73.969055,Lexington Av/53 St,Court Sq-23 St
263,E M,276,612,40.757552,-73.969055,40.760167,-73.975224,5 Av/53 St,Lexington Av/53 St
264,B D E,277,276,40.760167,-73.975224,40.762862,-73.981637,7 Av,5 Av/53 St
266,E J Z,279,278,40.702147,-73.801109,40.700486,-73.807969,Sutphin Blvd-Archer Av-JFK Airport,Jamaica Center-Parsons/Archer
267,E,280,279,40.700486,-73.807969,40.702566,-73.816859,Jamaica-Van Wyck,Sutphin Blvd-Archer Av-JFK Airport
268,G,282,606,40.746554,-73.943832,40.744065,-73.949724,21 St,Court Sq
269,G,283,282,40.744065,-73.949724,40.731352,-73.954449,Greenpoint Av,21 St
270,G,284,283,40.731352,-73.954449,40.724635,-73.951277,Nassau Av,Greenpoint Av
271,G,629,284,40.724635,-73.951277,40.712792,-73.951418,Metropolitan Av,Nassau Av
272,G,286,629,40.712792,-73.951418,40.706092,-73.950308,Broadway,Metropolitan Av
273,G,287,286,40.706092,-73.950308,40.700377,-73.950234,Flushing Av,Broadway
274,G,288,287,40.700377,-73.950234,40.694568,-73.949046,Myrtle-Willoughby Avs,Flushing Av
275,G,289,288,40.694568,-73.949046,40.689627,-73.953522,Bedford-Nostrand Avs,Myrtle-Willoughby Avs
276,G,290,289,40.689627,-73.953522,40.688873,-73.96007,Classon Av,Bedford-Nostrand Avs
277,G,291,290,40.688873,-73.96007,40.688089,-73.966839,Clinton-Washington Avs,Classon Av
278,G,292,291,40.688089,-73.966839,40.687119,-73.975375,Fulton St,Clinton-Washington Avs
279,1,294,293,40.889248,-73.898583,40.884667,-73.90087,238 St,Van Cortlandt Park-242 St
280,1,295,294,40.884667,-73.90087,40.878856,-73.904834,231 St,238 St
281,1,296,295,40.878856,-73.904834,40.874561,-73.909831,Marble Hill-225 St,231 St
282,1,297,296,40.874561,-73.909831,40.869444,-73.915279,215 St,Marble Hill-225 St
283,1,298,297,40.869444,-73.915279,40.864621,-73.918822,207 St,215 St
284,1,299,298,40.864621,-73.918822,40.860531,-73.925536,Dyckman St,207 St
285,1,300,299,40.860531,-73.925536,40.855225,-73.929412,191 St,Dyckman St
286,1,301,300,40.855225,-73.929412,40.849505,-73.933596,181 St,191 St
287,1,605,301,40.849505,-73.933596,40.840556,-73.940133,168 St-Washington Hts,181 St
288,1,303,605,40.840556,-73.940133,40.834041,-73.94489,157 St,168 St-Washington Hts
289,1,304,303,40.834041,-73.94489,40.826551,-73.95036,145 St,157 St
290,1,305,304,40.826551,-73.95036,40.822008,-73.953676,137 St-City College,145 St
291,1,306,305,40.822008,-73.953676,40.815581,-73.958372,125 St,137 St-City College
292,1,307,306,40.815581,-73.958372,40.807722,-73.96411,116 St-Columbia University,125 St
293,1,308,307,40.807722,-73.96411,40.803967,-73.966847,Cathedral Pkwy (110 St),116 St-Columbia University
294,1,309,308,40.803967,-73.966847,40.799446,-73.968379,103 St,Cathedral Pkwy (110 St)
295,1 2 3,310,309,40.799446,-73.968379,40.793919,-73.972323,96 St,103 St
296,1,311,310,40.793919,-73.972323,40.788644,-73.976218,86 St,96 St
297,1,312,311,40.788644,-73.976218,40.783934,-73.979917,79 St,86 St
298,1 2 3,313,312,40.783934,-73.979917,40.778453,-73.98197,72 St,79 St
299,1,314,313,40.778453,-73.98197,40.77344,-73.982209,66 St-Lincoln Center,72 St
300,1,614,314,40.77344,-73.982209,40.768247,-73.981929,59 St-Columbus Circle,66 St-Lincoln Center
301,1,316,614,40.768247,-73.981929,40.761728,-73.983849,50 St,59 St-Columbus Circle
302,1 2 3,611,316,40.761728,-73.983849,40.75529,-73.987495,Times Sq-42 St,50 St
303,1 2 3,318,611,40.75529,-73.987495,40.750373,-73.991057,34 St-Penn Station,Times Sq-42 St
304,1,319,318,40.750373,-73.991057,40.747215,-73.993365,28 St,34 St-Penn Station
305,1,320,319,40.747215,-73.993365,40.744081,-73.995657,23 St,28 St
306,1,321,320,40.744081,-73.995657,40.74104,-73.997871,18 St,23 St
307,1 2 3,601,321,40.74104,-73.997871,40.737826,-74.000201,14 St,18 St
308,1,323,601,40.737826,-74.000201,40.733422,-74.002906,Christopher St-Sheridan Sq,14 St
309,1,324,323,40.733422,-74.002906,40.728251,-74.005367,Houston St,Christopher St-Sheridan Sq
310,1,325,324,40.728251,-74.005367,40.722854,-74.006277,Canal St,Houston St
311,1,326,325,40.722854,-74.006277,40.719318,-74.006886,Franklin St,Canal St
312,1 2 3,327,326,40.719318,-74.006886,40.715478,-74.009266,Chambers St,Franklin St
313,1,328,327,40.715478,-74.009266,40.711835,-74.012188,WTC Cortlandt,Chambers St
314,1,329,328,40.711835,-74.012188,40.707513,-74.013783,Rector St,WTC Cortlandt
315,1,635,329,40.707513,-74.013783,40.702068,-74.013664,South Ferry,Rector St
316,2 3,628,624,40.713051,-74.008811,40.709416,-74.006571,Fulton St,Park Place
317,2 3,333,628,40.709416,-74.006571,40.706821,-74.0091,Wall St,Fulton St
318,2 3,334,333,40.706821,-74.0091,40.697466,-73.993086,Clark St,Wall St
319,2 3,620,334,40.697466,-73.993086,40.693219,-73.989998,Borough Hall,Clark St
320,2 3,336,620,40.693219,-73.989998,40.690545,-73.985065,Hoyt St,Borough Hall
321,2 3 4 5,337,336,40.690545,-73.985065,40.688246,-73.980492,Nevins St,Hoyt St
322,2 3 4 5,617,337,40.688246,-73.980492,40.684359,-73.977666,Atlantic Av-Barclays Ctr,Nevins St
323,2 3,339,617,40.684359,-73.977666,40.680829,-73.975098,Bergen St,Atlantic Av-Barclays Ctr
324,2 3,340,339,40.680829,-73.975098,40.675235,-73.971046,Grand Army Plaza,Bergen St
325,2 3,341,340,40.675235,-73.971046,40.671987,-73.964375,Eastern Pkwy-Brooklyn Museum,Grand Army Plaza
326,2 3 4 5,626,341,40.671987,-73.964375,40.670682,-73.958131,Franklin Av-Medgar Evers College,Eastern Pkwy-Brooklyn Museum
327,3,343,626,40.670682,-73.958131,40.669847,-73.950466,Nostrand Av,Franklin Av-Medgar Evers College
328,3,344,343,40.669847,-73.950466,40.669399,-73.942161,Kingston Av,Nostrand Av
329,3 4,345,344,40.669399,-73.942161,40.668897,-73.932942,Crown Hts-Utica Av,Kingston Av
330,3,346,345,40.668897,-73.932942,40.664717,-73.92261,Sutter Av-Rutland Rd,Crown Hts-Utica Av
331,3,347,346,40.664717,-73.92261,40.661453,-73.916327,Saratoga Av,Sutter Av-Rutland Rd
332,3,348,347,40.661453,-73.916327,40.662549,-73.908946,Rockaway Av,Saratoga Av
333,3,349,348,40.662549,-73.908946,40.663515,-73.902447,Junius St,Rockaway Av
334,3,350,349,40.663515,-73.902447,40.664635,-73.894895,Pennsylvania Av,Junius St
335,3,351,350,40.664635,-73.894895,40.665449,-73.889395,Van Siclen Av,Pennsylvania Av
336,3,352,351,40.665449,-73.889395,40.666235,-73.884079,New Lots Av,Van Siclen Av
337,2 5,354,353,40.667883,-73.950683,40.662742,-73.95085,Sterling St,President St-Medgar Evers College
338,2 5,355,354,40.662742,-73.95085,40.656652,-73.9502,Winthrop St,Sterling St
339,2 5,356,355,40.656652,-73.9502,40.650843,-73.949575,Church Av,Winthrop St
340,2 5,357,356,40.650843,-73.949575,40.645098,-73.948959,Beverly Rd,Church Av
341,2 5,358,357,40.645098,-73.948959,40.639967,-73.948411,Newkirk Av-Little Haiti,Beverly Rd
342,2 5,359,358,40.639967,-73.948411,40.632836,-73.947642,Flatbush Av-Brooklyn College,Newkirk Av-Little Haiti
343,6,361,360,40.852462,-73.828121,40.84681,-73.832569,Buhre Av,Pelham Bay Park
344,6,362,361,40.84681,-73.832569,40.843863,-73.836322,Middletown Rd,Buhre Av
345,6,363,362,40.843863,-73.836322,40.839892,-73.842952,Westchester Sq-E Tremont Av,Middletown Rd
346,6,364,363,40.839892,-73.842952,40.836488,-73.847036,Zerega Av,Westchester Sq-E Tremont Av
347,6,365,364,40.836488,-73.847036,40.834255,-73.851222,Castle Hill Av,Zerega Av
348,6,366,365,40.834255,-73.851222,40.833226,-73.860816,Parkchester,Castle Hill Av
349,6,367,366,40.833226,-73.860816,40.831509,-73.867618,St Lawrence Av,Parkchester
350,6,368,367,40.831509,-73.867618,40.829521,-73.874516,Morrison Av-Soundview,St Lawrence Av
351,6,369,368,40.829521,-73.874516,40.828584,-73.879159,Elder Av,Morrison Av-Soundview
352,6,370,369,40.828584,-73.879159,40.826525,-73.886283,Whitlock Av,Elder Av
353,6,371,370,40.826525,-73.886283,40.820948,-73.890549,Hunts Point Av,Whitlock Av
354,6,372,371,40.820948,-73.890549,40.816104,-73.896435,Longwood Av,Hunts Point Av
355,6,373,372,40.816104,-73.896435,40.812118,-73.904098,E 149 St,Longwood Av
356,6,374,373,40.812118,-73.904098,40.808719,-73.907657,E 143 St-St Mary's St,E 149 St
357,6,375,374,40.808719,-73.907657,40.805368,-73.914042,Cypress Av,E 143 St-St Mary's St
358,6,376,375,40.805368,-73.914042,40.807566,-73.91924,Brook Av,Cypress Av
359,6,377,376,40.807566,-73.91924,40.810476,-73.926138,3 Av-138 St,Brook Av
360,4,379,378,40.886037,-73.878751,40.87975,-73.884655,Mosholu Pkwy,Woodlawn
361,4,380,379,40.87975,-73.884655,40.873412,-73.890064,Bedford Park Blvd-Lehman College,Mosholu Pkwy
362,4,381,380,40.873412,-73.890064,40.86776,-73.897174,Kingsbridge Rd,Bedford Park Blvd-Lehman College
363,4,382,381,40.86776,-73.897174,40.862803,-73.901034,Fordham Rd,Kingsbridge Rd
364,4,383,382,40.862803,-73.901034,40.858407,-73.903879,183 St,Fordham Rd
365,4,384,383,40.858407,-73.903879,40.853453,-73.907684,Burnside Av,183 St
366,4,385,384,40.853453,-73.907684,40.84848,-73.911794,176 St,Burnside Av
367,4,386,385,40.84848,-73.911794,40.844434,-73.914685,Mt Eden Av,176 St
368,4,387,386,40.844434,-73.914685,40.840075,-73.917791,170 St,Mt Eden Av
369,4,388,387,40.840075,-73.917791,40.835537,-73.9214,167 St,170 St
370,4,604,388,40.835537,-73.9214,40.827994,-73.925831,161 St-Yankee Stadium,167 St
371,4,603,604,40.827994,-73.925831,40.818375,-73.927351,149 St-Grand Concourse,161 St-Yankee Stadium
372,4 5,391,603,40.818375,-73.927351,40.813224,-73.929849,138 St-Grand Concourse,149 St-Grand Concourse
373,4 5 6,392,391,40.813224,-73.929849,40.804138,-73.937594,125 St,138 St-Grand Concourse
374,6,393,392,40.804138,-73.937594,40.798629,-73.941617,116 St,125 St
375,6,394,393,40.798629,-73.941617,40.79502,-73.94425,110 St,116 St
376,6,395,394,40.79502,-73.94425,40.7906,-73.947478,103 St,110 St
377,6,396,395,40.7906,-73.947478,40.785672,-73.95107,96 St,103 St
378,4 5 6,397,396,40.785672,-73.95107,40.779492,-73.955589,86 St,96 St
379,6,398,397,40.779492,-73.955589,40.77362,-73.959874,77 St,86 St
380,6,399,398,40.77362,-73.959874,40.768141,-73.96387,68 St-Hunter College,77 St
381,4 5 6,613,399,40.768141,-73.96387,40.762526,-73.967967,59 St,68 St-Hunter College
382,6,612,613,40.762526,-73.967967,40.757107,-73.97192,51 St,59 St
383,4 5 6,610,612,40.757107,-73.97192,40.751776,-73.976848,Grand Central-42 St,51 St
384,6,403,610,40.751776,-73.976848,40.746081,-73.982076,33 St,Grand Central-42 St
385,6,404,403,40.746081,-73.982076,40.74307,-73.984264,28 St,33 St
386,6,405,404,40.74307,-73.984264,40.739864,-73.986599,23 St,28 St
387,4 5 6,602,405,40.739864,-73.986599,40.734673,-73.989951,14 St-Union Sq,23 St
388,6,407,602,40.734673,-73.989951,40.730054,-73.99107,Astor Pl,14 St-Union Sq
389,6,619,407,40.730054,-73.99107,40.725915,-73.994659,Bleecker St,Astor Pl
390,6,409,619,40.725915,-73.994659,40.722301,-73.997141,Spring St,Bleecker St
391,6,623,409,40.722301,-73.997141,40.718803,-74.000193,Canal St,Spring St
392,4 5 6,622,623,40.718803,-74.000193,40.713065,-74.004131,Brooklyn Bridge-City Hall,Canal St
393,4 5,413,628,40.710368,-74.009509,40.707557,-74.011862,Wall St,Fulton St
394,4 5,414,413,40.707557,-74.011862,40.704817,-74.014065,Bowling Green,Wall St
395,4 5,620,414,40.704817,-74.014065,40.692404,-73.990151,Borough Hall,Bowling Green
396,2 5,417,416,40.903125,-73.85062,40.898379,-73.854376,Nereid Av,Wakefield-241 St
397,2 5,418,417,40.898379,-73.854376,40.893193,-73.857473,233 St,Nereid Av
398,2 5,419,418,40.893193,-73.857473,40.888022,-73.860341,225 St,233 St
399,2 5,420,419,40.888022,-73.860341,40.883895,-73.862633,219 St,225 St
400,2 5,421,420,40.883895,-73.862633,40.87785,-73.866256,Gun Hill Rd,219 St
401,2 5,422,421,40.87785,-73.866256,40.871356,-73.867164,Burke Av,Gun Hill Rd
402,2 5,423,422,40.871356,-73.867164,40.865462,-73.867352,Allerton Av,Burke Av
403,2 5,424,423,40.865462,-73.867352,40.857192,-73.867615,Pelham Pkwy,Allerton Av
404,2 5,425,424,40.857192,-73.867615,40.848828,-73.868457,Bronx Park East,Pelham Pkwy
405,2 5,426,425,40.848828,-73.868457,40.841894,-73.873488,E 180 St,Bronx Park East
406,2 5,427,426,40.841894,-73.873488,40.840295,-73.880049,West Farms Sq-E Tremont Av,E 180 St
407,2 5,428,427,40.840295,-73.880049,40.837288,-73.887734,174 St,West Farms Sq-E Tremont Av
408,2 5,429,428,40.837288,-73.887734,40.829993,-73.891865,Freeman St,174 St
409,2 5,430,429,40.829993,-73.891865,40.824073,-73.893064,Simpson St,Freeman St
410,2 5,431,430,40.824073,-73.893064,40.822181,-73.896736,Intervale Av,Simpson St
411,2 5,432,431,40.822181,-73.896736,40.819585,-73.90177,Prospect Av,Intervale Av
412,2 5,433,432,40.819585,-73.90177,40.81649,-73.907807,Jackson Av,Prospect Av
413,2 5,434,433,40.81649,-73.907807,40.816109,-73.917757,3 Av-149 St,Jackson Av
414,2 5,603,434,40.816109,-73.917757,40.81841,-73.926718,149 St-Grand Concourse,3 Av-149 St
415,3,437,436,40.82388,-73.93647,40.820421,-73.936245,145 St,Harlem-148 St
416,2 3,438,437,40.820421,-73.936245,40.814229,-73.94077,135 St,145 St
417,2 3,439,438,40.814229,-73.94077,40.807754,-73.945495,125 St,135 St
418,2 3,440,439,40.807754,-73.945495,40.802098,-73.949625,116 St,125 St
419,2 3,441,440,40.802098,-73.949625,40.799075,-73.951822,Central Park North (110 St),116 St
420,5,443,442,40.8883,-73.830834,40.878663,-73.838591,Baychester Av,Eastchester-Dyre Av
421,5,444,443,40.878663,-73.838591,40.869526,-73.846384,Gun Hill Rd,Baychester Av
422,5,445,444,40.869526,-73.846384,40.858985,-73.855359,Pelham Pkwy,Gun Hill Rd
423,5,446,445,40.858985,-73.855359,40.854364,-73.860495,Morris Park,Pelham Pkwy
424,7,448,447,40.7596,-73.83003,40.754622,-73.845625,Mets-Willets Point,Flushing-Main St
425,7,449,448,40.754622,-73.845625,40.75173,-73.855334,111 St,Mets-Willets Point
426,7,450,449,40.75173,-73.855334,40.749865,-73.8627,103 St-Corona Plaza,111 St
427,7,451,450,40.749865,-73.8627,40.749145,-73.869527,Junction Blvd,103 St-Corona Plaza
428,7,452,451,40.749145,-73.869527,40.748408,-73.876613,90 St-Elmhurst Av,Junction Blvd
429,7,453,452,40.748408,-73.876613,40.747659,-73.883697,82 St-Jackson Hts,90 St-Elmhurst Av
430,7,616,453,40.747659,-73.883697,40.746848,-73.891394,74 St-Broadway,82 St-Jackson Hts
431,7,455,616,40.746848,-73.891394,40.746325,-73.896403,69 St,74 St-Broadway
432,7,456,455,40.746325,-73.896403,40.74563,-73.902984,61 St-Woodside,69 St
433,7,457,456,40.74563,-73.902984,40.744149,-73.912549,52 St,61 St-Woodside
434,7,458,457,40.744149,-73.912549,40.743132,-73.918435,46 St-Bliss St,52 St
435,7,459,458,40.743132,-73.918435,40.743781,-73.924016,40 St-Lowery St,46 St-Bliss St
436,7,460,459,40.743781,-73.924016,40.744587,-73.930997,33 St-Rawson St,40 St-Lowery St
437,7,461,460,40.744587,-73.930997,40.750582,-73.940202,Queensboro Plaza,33 St-Rawson St
438,7,606,461,40.750582,-73.940202,40.747023,-73.945264,Court Sq,Queensboro Plaza
439,7,463,606,40.747023,-73.945264,40.742216,-73.948916,Hunters Point Av,Court Sq
440,7,464,463,40.742216,-73.948916,40.742626,-73.953581,Vernon Blvd-Jackson Av,Hunters Point Av
441,7,610,464,40.742626,-73.953581,40.751431,-73.976041,Grand Central-42 St,Vernon Blvd-Jackson Av
442,7,609,610,40.751431,-73.976041,40.753821,-73.981963,5 Av,Grand Central-42 St
443,7,611,609,40.753821,-73.981963,40.755477,-73.987691,Times Sq-42 St,5 Av
444,7,471,611,40.755983,-73.986229,40.755882,-74.00191,34 St-Hudson Yards,Times Sq-42 St
445,Q,476,475,40.784318,-73.947152,40.777891,-73.951787,86 St,96 St
446,Q,477,476,40.777891,-73.951787,40.768799,-73.958424,72 St,86 St
447,SIR,502,501,40.643748,-74.073643,40.636949,-74.074835,Tompkinsville,St George
448,SIR,503,502,40.636949,-74.074835,40.627915,-74.075162,Stapleton,Tompkinsville
449,SIR,504,503,40.627915,-74.075162,40.621319,-74.071402,Clifton,Stapleton
450,SIR,505,504,40.621319,-74.071402,40.603117,-74.084087,Grasmere,Clifton
451,SIR,506,505,40.603117,-74.084087,40.596612,-74.087368,Old Town,Grasmere
452,SIR,507,506,40.596612,-74.087368,40.588849,-74.09609,Dongan Hills,Old Town
453,SIR,508,507,40.588849,-74.09609,40.583591,-74.103338,Jefferson Av,Dongan Hills
454,SIR,509,508,40.583591,-74.103338,40.578965,-74.109704,Grant City,Jefferson Av
455,SIR,510,509,40.578965,-74.109704,40.57348,-74.11721,New Dorp,Grant City
456,SIR,511,510,40.57348,-74.11721,40.56511,-74.12632,Oakwood Heights,New Dorp
457,SIR,512,511,40.56511,-74.12632,40.5564,-74.136907,Bay Terrace,Oakwood Heights
458,SIR,513,512,40.5564,-74.136907,40.551231,-74.151399,Great Kills,Bay Terrace
459,SIR,514,513,40.551231,-74.151399,40.544601,-74.16457,Eltingville,Great Kills
460,SIR,515,514,40.544601,-74.16457,40.54046,-74.178217,Annadale,Eltingville
461,SIR,516,515,40.54046,-74.178217,40.533674,-74.191794,Huguenot,Annadale
462,SIR,517,516,40.533674,-74.191794,40.525507,-74.200064,Prince's Bay,Huguenot
463,SIR,518,517,40.525507,-74.200064,40.52241,-74.217847,Pleasant Plains,Prince's Bay
464,SIR,519,518,40.52241,-74.217847,40.519631,-74.229141,Richmond Valley,Pleasant Plains
465,SIR,522,519,40.519631,-74.229141,40.512764,-74.251961,Tottenville,Richmond Valley
466,SIR,523,522,40.512764,-74.251961,40.516578,-74.242096,Arthur Kill,Tottenville